<?xml version="1.0" encoding="UTF-8" standalone="yes"?>
<addon id="repository.monster" name="Monster" version="0.0.2" provider-name="Monster">
	<extension point="xbmc.addon.repository" name="Monster Repository">
		<dir>
			<info compressed="false">https://raw.githubusercontent.com/noobsandnerds/modules4all/master/zips/addons.xml</info>
			<checksum>https://raw.githubusercontent.com/noobsandnerds/modules4all/master/zips/addons.xml.md5</checksum>
			<datadir zip="true">https://raw.githubusercontent.com/noobsandnerds/modules4all/master/zips/</datadir>
		</dir>
		<info compressed="false">https://raw.githubusercontent.com/jatinmandania1/repository.monster/master/zips/addons.xml</info>
		<checksum>https://raw.githubusercontent.com/jatinmandania1/repository.monster/master/zips/addons.xml.md5</checksum>
		<datadir zip="true">https://raw.githubusercontent.com/jatinmandania1/repository.monster/master/zips/</datadir>
	</extension>
	<extension point="xbmc.addon.metadata">
		<summary lang="en">Monster Repository</summary>
		<description lang="en">By Jatin</description>
		<genre></genre>
	</extension>
</addon>